INTRO-COMPUT SCI/PROG IN JAVA,COMS W1004,Adam H Cannon,1,Spring,2021
INTRO-COMPUT SCI/PROG IN JAVA,COMS W1004,Adam H Cannon,2,Spring,2021
INTRO TO COMP FOR ENG/APP SCI,ENGI E1006,Daniel Bauer,1,Spring,2021
EMERGING SCHOLARS PROG SEMINAR,COMS W1404,Adam H Cannon,1,Spring,2021
EMERGING SCHOLARS PROG SEMINAR,COMS W1404,Adam H Cannon,2,Spring,2021
EMERGING SCHOLARS PROG SEMINAR,COMS W1404,Adam H Cannon,3,Spring,2021
EMERGING SCHOLARS PROG SEMINAR,COMS W1404,Adam H Cannon,4,Spring,2021
EMERGING SCHOLARS PROG SEMINAR,COMS W1404,Adam H Cannon,5,Spring,2021
EMERGING SCHOLARS PROG SEMINAR,COMS W1404,Adam H Cannon,6,Spring,2021
EMERGING SCHOLARS PROG SEMINAR,COMS W1404,Adam H Cannon,7,Spring,2021
EMERGING SCHOLARS PROG SEMINAR,COMS W1404,Adam H Cannon,8,Spring,2021
EMERGING SCHOLARS PROG SEMINAR,COMS W1404,Adam H Cannon,9,Spring,2021
EMERGING SCHOLARS PROG SEMINAR,COMS W1404,Adam H Cannon,10,Spring,2021
DEVELOPMENT TECHNOLOGY,COMS W3102,Paul S Blaer,1,Spring,2021
DATA STRUCTURES IN JAVA,COMS W3134,Paul S Blaer,1,Spring,2021
HONORS DATA STRUCTURES & ALGOL,COMS W3137,Paul S Blaer,1,Spring,2021
ADVANCED PROGRAMMING,COMS W3157,Jae W Lee,1,Spring,2021
ADVANCED PROGRAMMING,COMS W3157,Jae W Lee,2,Spring,2021
DISCRETE MATHEMATICS,COMS W3203,Ansaf Salleb-Aouissi,1,Spring,2021
COMPUTATIONAL LINEAR ALGEBRA,COMS W3251,Tony B Dear,1,Spring,2021
COMPUTER SCIENCE THEORY,COMS W3261,Xi Chen,1,Spring,2021
FUNDAMENTALS OF COMPUTER SYSTS,CSEE W3827,Daniel S Rubenstein,1,Spring,2021
FUNDAMENTALS OF COMPUTER SYSTS,CSEE W3827,Daniel S Rubenstein,2,Spring,2021
INTRODUCTION TO DATABASES,COMS W4111,Kenneth A Ross,1,Spring,2021
INTRODUCTION TO DATABASES,COMS W4111,Donald F Ferguson,2,Spring,2021
INTRODUCTION TO DATABASES,COMS W4111,Alexandros Biliris,3,Spring,2021
PROGRAMMING LANG & TRANSLATORS,COMS W4115,Stephen A Edwards,1,Spring,2021
OPERATING SYSTEMS I,COMS W4118,Jason Nieh,1,Spring,2021
COMPUTER NETWORKS,CSEE W4119,Henning G Schulzrinne,1,Spring,2021
ADVANCED SOFTWARE ENGINEERING,COMS W4156,Junfeng Yang,1,Spring,2021
COMPUTER GRAPHICS,COMS W4160,Changxi Zheng,1,Spring,2021
USER INTERFACE DESIGN,COMS W4170,Celeste S Layne,1,Spring,2021
3D UI AND AUGMENTED REALITY,COMS W4172,Steven K Feiner,1,Spring,2021
SECURITY II,COMS W4182,Suman Jana,1,Spring,2021
ANALYSIS OF ALGORITHMS I,CSOR W4231,Eleni Drinea,1,Spring,2021
ANALYSIS OF ALGORITHMS I,CSOR W4231,Christos H Papadimitriou,2,Spring,2021
INTRO-COMPUTATIONAL LEARN THRY,COMS W4252,Rocco Servedio,1,Spring,2021
INTRO TO QUANTUM COMPUTING,COMS W4281,Henry Yuen,1,Spring,2021
ARTIFICIAL INTELLIGENCE,COMS W4701,Ansaf Salleb-Aouissi,1,Spring,2021
NATURAL LANGUAGE PROCESSING,COMS W4705,Kathleen McKeown,1,Spring,2021
MACHINE LEARNING FOR DATA SCI,COMS W4721,John W Paisley,1,Spring,2021
Computer Vision I: First Principles,COMS W4731,Shree K Nayar,1,Spring,2021
COMPUTATNL ASPECTS OF ROBOTICS,COMS W4733,Tony B Dear,1,Spring,2021
Machine Learning for Functional Genomics,COMS E4762,David A Knowles,1,Spring,2021
MACHINE LEARNING,COMS W4771,Nakul Verma,1,Spring,2021
MACHINE LEARNING,COMS W4771,Nakul Verma,2,Spring,2021
Unsupervised Learning,COMS W4774,Daniel Hsu,1,Spring,2021
TOPICS IN COMPUTER SCIENCE,COMS W4995,Daniel Bauer,1,Spring,2021
TOPICS IN COMPUTER SCIENCE,COMS W4995,Tristan Boutros,2,Spring,2021
TOPICS IN COMPUTER SCIENCE,COMS W4995,Augustin Chaintreau,3,Spring,2021
TOPICS IN COMPUTER SCIENCE,COMS W4995,Andrew J Blumberg,4,Spring,2021
TOPICS IN COMPUTER SCIENCE,COMS W4995,Smaranda Muresan and Isabelle Zaugg,5,Spring,2021
TOPICS IN COMPUTER SCIENCE,COMS W4995,Bjarne Stroustrup,6,Spring,2021
TOPICS IN COMPUTER SCIENCE,COMS W4995,Elias Bareinboim,7,Spring,2021
TOPICS IN COMPUTER SCIENCE,COMS W4995,Alexandr Andoni,8,Spring,2021
TOPICS IN COMPUTER SCIENCE,COMS W4995,Agnes Chang,9,Spring,2021
TOPICS IN COMPUTER SCIENCE,COMS W4995,Joshua B Gordon,10,Spring,2021
TOPICS IN COMPUTER SCIENCE,COMS W4995,Adam Kelleher,11,Spring,2021
ADVANCED DATABASE SYSTEMS,COMS E6111,Luis Gravano,1,Spring,2021
TOPICS IN SOFTWARE ENGINEERING,COMS E6156,Gail E Kaiser,1,Spring,2021
MODELING & PERFORMANCE EVALUATION,CSEE W6180,Vishal Misra,1,Spring,2021
ANONYMITY & PRIVACY,COMS E6184,Steven M Bellovin,1,Spring,2021
INTRUSION DETECTION SYSTEMS,COMS E6185,Salvatore J Stolfo,1,Spring,2021
HARDWARE SECURITY,COMS E6424,Simha Sethumadhavan,1,Spring,2021
VISUAL DATABASES,COMS E6735,John R Kender,1,Spring,2021
EMBEDDED SCALABLE PLATFORMS,CSEE E6868,Luca Carloni,1,Spring,2021
TOPICS IN COMPUTER SCIENCE,COMS E6998,Jason Nieh,1,Spring,2021
TOPICS IN COMPUTER SCIENCE,COMS E6998,Baishakhi Ray,2,Spring,2021
TOPICS IN COMPUTER SCIENCE,COMS E6998,Junfeng Yang,3,Spring,2021
TOPICS IN COMPUTER SCIENCE,COMS E6998,Shuran Song,4,Spring,2021
TOPICS IN COMPUTER SCIENCE,COMS E6998,Brian A Smith,5,Spring,2021
TOPICS IN COMPUTER SCIENCE,COMS E6998,Zhou Yu,6,Spring,2021
TOPICS IN COMPUTER SCIENCE,COMS E6998,Peter Belhumeur,7,Spring,2021
TOPICS IN COMPUTER SCIENCE,COMS E6998,Homayoon S Beigi,8,Spring,2021
TOPICS IN COMPUTER SCIENCE,COMS E6998,Michelle F Levine,9,Spring,2021
TOPICS IN COMPUTER SCIENCE,COMS E6998,Sambit Sahu,10,Spring,2021
TOPICS IN COMPUTER SCIENCE,COMS E6998,Parijat Dube,11,Spring,2021