Intro to Electrical Engineering,ELEN E1201,D. Vallancourt,1,Spring,2021
Digital Systems Laboratory,ELEN E3082,K. Shepard,1,Spring,2021
Digital Systems Laboratory,ELEN E3082,K. Shepard,2,Spring,2021
Digital Systems Laboratory,ELEN E3082,K. Shepard,3,Spring,2021
Electronic Circuits Laboratory,ELEN E3083,D. Vallancourt,1,Spring,2021
Electronic Circuits Laboratory,ELEN E3083,D. Vallancourt,2,Spring,2021
Electronic Circuits,ELEN E3331,D. Vallancourt,1,Spring,2021
Electronic Circuits Design Lab,ELEN E3390,D. Vallancourt,1,Spring,2021
Electromagnetics,ELEN E3401,K. Bergman,1,Spring,2021
Intro to Communication Systems,ELEN E3701,I. Kalet,1,Spring,2021
Fundamentals of Computer Systems,CSEE W3827,D. Rubenstein,1,Spring,2021
Fundamentals of Computer Systems,ELEN E3082,D. Rubenstein,2,Spring,2021
Electronic Circuits Laboratory,ELEN E3083,D. Vallancourt,3,Spring,2021
Neural Networks and Deep Learning,ECBM E4040,Z. Kostic,1,Spring,2021
Computing with Brain Circuits of Model Organisms,ECBM E4070,A. Lazar,1,Spring,2021
Computer Networks,CSEE E4119,H. Schulzrinne,1,Spring,2021
Communication Circuits,ELEN E4314,Y. Tsividis,1,Spring,2021
Power Electronics,ELEN E4361,M. Preindl,1,Spring,2021
Digital Control System,EEME E4601,R. Longman,1,Spring,2021
Digital Communications,ELEN E4702,A. Ashikhmin,1,Spring,2021
Bioinstrumentation,BMEE E4740,A. Kyle,1,Spring,2021
Internet of Things - Intelligent and Connected Systems,EECS E4764,X. Jiang,1,Spring,2021
Random Signals and Noise,ELEN E4815,I. Kalet,1,Spring,2021
Digital Image Processing,ELEN E4830,C. Hendon,1,Spring,2021
Topics in Computational Neuroscience and Neuroengineering: Brain-Computer Interfaces,EEBM E6099,P. Sajda,1,Spring,2021
Modeling & Performance Evaluation,CSEE W6180,Vishal Misra,1,Spring,2021
Adv Analog Integrated Circuits,ELEN E6312,H. Krishnaswamy,1,Spring,2021
Analog Systems in VLSI,ELEN E6316,T. Dickson,1,Spring,2021
Microwave Circuit Design,ELEN E6318,Y. Baeyens,1,Spring,2021
Advanced Digital Electronic Circuits,EECS E6321,M. Seok,1,Spring,2021
Photonic Integrated Circuits,ELEN E6414,M. Lipson,1,Spring,2021
Intro To Control Theory,EEME E6601,R. Longman,1,Spring,2021
Convex Optimization,EEOR E6616,C. Josz,1,Spring,2021
Topics in Data-driven Analysis and Computation. TPC: Advanced Deep Learning,EECS E6691,Z. Kostic,1,Spring,2021
Topics in Data-driven Analysis and Computation. TPC: Mathematics of Deep Learning,EEOR E6699,P. Jelenkovic,1,Spring,2021
"Internet Economics, Engineering & the Implications for Society",ELEN E6767,D. Mitra,1,Spring,2021
Topics in Networking. TPC: Network Virtualization and Cloud Computing,ELEN E6770,K. Sabnani/T.Woo,2,Spring,2021
Topics in Networking. TPC: 5G Programmable Networks,ELEN E6771,D. Calin,1,Spring,2021
Topics in Networking. TPC: Content Storage and Distribution,ELEN E6776,A. Walid,1,Spring,2021
Speech and Audio Processing and Recognition,ELEN E6820,N. Mesgarani,1,Spring,2021
Embedded Scalable Platform,CSEE E6868,L. Carloni,1,Spring,2021
Sparse and Low-Dimensional Models for High-Dimensional Data,ELEN E6876,J. Wright,1,Spring,2021
Topics in Signal Processing. TPC: An Introduction to Blockchain Technology,ELEN E6883,C. Li,1,Spring,2021
Advanced Big Data Analytics,EECS E6895,C-Y. Lin,1,Spring,2021
Device Nanofabrication,ELEN E6945,D. Khodagholy,1,Spring,2021
Seminar in Electronic Circuits. TPC: Advanced Topics in IC Design,ELEN E9303,P. Kinget,1,Spring,2021
